ID,TARGET
e4dcca36ceb4.png,0
e4f12411fd85.png,2
e5197d77ec68.png,0
e52ed5c29c5e.png,2
e55188915f9d.png,2
e582e56e7942.png,0
e599151ca14b.png,2
e5d56f4f359b.png,2
e5f332efcbc7.png,0
e60e4edb3ca9.png,0
e632e38fd2d4.png,0
e65a2ff90494.png,2
e663c6627a95.png,2
e66ad813a508.png,0
e68bdd36e589.png,0
e6a58edc5b42.png,2
e6a6acf7fca1.png,2
e724866f5084.png,2
e740af6ac6ea.png,2
e7578d8dba72.png,0
e77a93c3d9a9.png,0
e7a372a1c3a4.png,2
e7b5dd5bab1f.png,0
e7defafeb957.png,2
e811f39a1243.png,2
e821c1b6417a.png,2
e83d315d8f98.png,2
e868c3da340b.png,2
e8d1c6c07cf2.png,2
e8e44b3160e3.png,0
e9129ce55fd7.png,0
e933923aab15.png,0
e4e343eaae2a.png,0
e50b0174690d.png,2
e529c5757d64.png,0
e540d2e35d15.png,2
e580676516b0.png,2
e594c19e2e1d.png,0
e59c5f345bb0.png,2
e5de79795c1d.png,2
e5f73f2855c0.png,0
e62490b7d0e9.png,0
e6552b7432b3.png,0
e65f94ad9be3.png,2
e66855a5c583.png,2
e68746d426b2.png,0
e69b48516577.png,0
e6a5e4718873.png,2
e6f0ce5bf282.png,2
e7291472109b.png,2
e756495c11cb.png,2
e76a9cbb2a8c.png,0
e79e10907295.png,0
e7a7187066ad.png,2
e7d2c2c3b30f.png,0
e7fc93ac5b6d.png,2
e81f4a2fbbdc.png,2
e82232a3c28b.png,2
e85d410d6836.png,2
e893e86dde94.png,2
e8ddfc9709ce.png,2
e907d23cce3d.png,0
e9286ddf6ffe.png,0
e93394175a19.png,0
e96099b961b4.png,2
e9678824215d.png,0
e97ecf4355cb.png,0
e9ce5bf645ab.png,0
e9f82b5bbaf4.png,2
e9ff9352ccb3.png,2
ea15a290eb96.png,0
ea4ce9516144.png,0
ea588d1e5d96.png,2
ea68b58a6e8f.png,0
ea7e21bab610.png,0
ea9e0fb6fb0b.png,2
eabc7c716255.png,0
ead23cc922ed.png,2
eadfc8809ec8.png,2
eae901557a84.png,2
eb175669d789.png,0
eb1d37b71fd1.png,2
eb6b1f1c09db.png,2
ebd96d853918.png,0
ebf4b22240f4.png,0
ec0c9f817b03.png,0
ec4649213ccf.png,2
ec6659926105.png,0
ecad6845f630.png,0
ed246ae1ed08.png,2
ed2c52c14493.png,0
ed3a0fc5b546.png,2
ed648b9bcd95.png,0
ed6bd9293a89.png,0
eda1d75cbcf0.png,0
edceb0657d77.png,0
e966850247f4.png,2
e96bd80a8a53.png,0
e9ab8413e771.png,0
e9f3c85a2a02.png,0
e9faf0296643.png,2
ea05c22d92e9.png,2
ea1d045f9fea.png,0
ea4dcb055139.png,0
ea5c42a78979.png,2
ea6a53e54d0f.png,0
ea9c41e1ced0.png,0
eaa0dfbd5024.png,2
eabf421f94d0.png,0
eadc57064154.png,2
eae70f527755.png,2
eb050765b323.png,2
eb1ad14dd281.png,0
eb32a815f78c.png,2
eba3acc42197.png,2
ebe0175e530c.png,0
ec01f0862669.png,0
ec363f48867b.png,0
ec57cc20d776.png,2
ec6f1797a25a.png,0
ecb4500285ed.png,0
ed2c06fcc573.png,2
ed2ef440d22c.png,0
ed3ce1674761.png,2
ed6704e3b72e.png,0
ed88faaa325a.png,0
eda29a9d78f3.png,0
ee02294cc3d9.png,0
ee059945b08a.png,2
ee2c2a5f7d0e.png,2
ee3f5cf52188.png,0
ee6e39319b39.png,2
ee77763a6afb.png,0
eeaea2c5ff34.png,0
eebd1e195952.png,0
eedae6b28f96.png,0
ef26625121b3.png,2
ef476be214d4.png,0
ef5155990874.png,0
ef7eb85b75fc.png,0
ef81cd8854cb.png,0
ef99c499d665.png,0
f002ce614c59.png,0
f00ce9b9d6f4.png,0
f025f33b2c9b.png,2
f02956bd7c50.png,0
f03d3c4ce7fb.png,2
f066db7a2efe.png,0
f0800723bc63.png,2
f0860c21533b.png,0
f09cfc6a4dbd.png,0
f0a2dc580009.png,0
f0c13be90519.png,1
f0f89314e860.png,2
f1979147aad4.png,0
f1d719c97838.png,0
f2094a20b275.png,0
f23902998c21.png,2
f26b02ead915.png,0
f2c0b41acd05.png,0
ee1ec90b980f.png,2
ee36ca728641.png,2
ee3fe7809e6a.png,0
ee74c3b177e0.png,2
ee78ce914066.png,0
eeb231c3ef1f.png,0
eed4afc8ec83.png,0
ef247f28004f.png,0
ef4121e9bb67.png,2
ef48780f5d5f.png,0
ef7a4ed8d5d1.png,0
ef8109305128.png,0
ef8c39eb9157.png,0
efff2f1a35f5.png,0
f0098e9d4aee.png,0
f02057c41256.png,0
f0267c42907c.png,2
f02babb3a023.png,0
f0546a45ef10.png,2
f06e7a9df795.png,0
f080a22008be.png,2
f092febbf5c0.png,0
f09fd9433dff.png,0
f0c0f7b5e820.png,0
f0e1201b5c1f.png,1
f18abfa690ab.png,2
f1a761c68559.png,0
f1dc26c4bfa3.png,0
f233638e0e90.png,0
f252046c0fe6.png,2
f298b7d05958.png,0
f2d2a0c92034.png,0
f2ee81781411.png,2
f30f203ef51e.png,2
f361060eda3e.png,0
f36cb007a1ef.png,0
f3a4751af42e.png,0
f3b27ac2d371.png,0
f3bb996b45ce.png,0
f42b693a9414.png,0
f451eee2b66b.png,0
f460608cf4cc.png,1
f481f76a6b75.png,2
f4874247ede6.png,0
f4d3169b468a.png,0
f4de9620e3f2.png,0
f4e68b61f480.png,0
f531232ecb55.png,0
f55e1d2a19e4.png,2
f56ff0440ed1.png,0
f576e45d1da2.png,2
f580566e27f5.png,0
f58cdfa968be.png,0
f58f0b2fd718.png,0
f5c953bee7cd.png,0
f5e9a307288c.png,2
f62b8a076833.png,0
f64214bed40e.png,2
f66c4ee86629.png,0
f69400b316a7.png,2
f6d760566a51.png,0
f6f433f3306f.png,2
f7116e7b2f4e.png,0
f71aca5a7dc3.png,0
f2f569a64949.png,2
f35d80bb1a22.png,2
f366fb1cc475.png,0
f3a268d2726d.png,0
f3a88d3026dc.png,0
f3b6b7ca1eb1.png,0
f3cd489acbee.png,0
f431f2e119d7.png,0
f45f1485c940.png,0
f47a2a4a0411.png,1
f48241b0c995.png,2
f4c7ae514c54.png,0
f4d3777f2710.png,0
f4df3d86688d.png,0
f4ea2a2cfbb9.png,0
f549294e12e1.png,0
f5650eb52640.png,2
f5733f77273d.png,0
f57cf3b6f48e.png,2
f583a722434c.png,0
f58d37d48e42.png,0
f5a8c6426a71.png,0
f5e6226bd2e0.png,0
f61bf44c677c.png,2
f633c474e8b8.png,0
f64b6e85f1c9.png,2
f68690db78d3.png,0
f69835dc7c50.png,2
f6f3ea0d2693.png,0
f6f7dba7104d.png,2
f71333204618.png,0
f71bea807c96.png,0
f72adcac5638.png,2
f7508f14dd7b.png,0
f7735b6d47f7.png,0
f7e9fa75c7c1.png,0
f7fec8935126.png,2
f819c65b803c.png,0
f850cb51fdba.png,2
f85fd4fac887.png,0
f8cf7ed8ef00.png,2
f8f5942b690e.png,0
f901d460517c.png,2
f9156aeffc5e.png,2
f920ccd926db.png,2
f994a3b07935.png,0
f9aa35187bf3.png,0
f9d8ff3e6592.png,0
f9e779a13204.png,2
fa0c87bd75ce.png,0
fa573163dd8b.png,0
fa6f3d8bb1d5.png,0
fa7fa797c650.png,0
fa9f1bc03f21.png,0
fb1b8771c70a.png,0
fb696a8e055a.png,2
fb767cea406c.png,0
fb88d23fc5fe.png,0
fbcbc81cf9be.png,0
fbfa925506f6.png,0
fc4c2d35c6f8.png,2
fc603cbedb41.png,2
fc898dfeb24f.png,0
fca1a8738b8a.png,0
f72ef9ceeaa8.png,2
f762c272c522.png,0
f7defe70afc3.png,0
f7edc074f06b.png,0
f80118bbda18.png,2
f8372e80f731.png,0
f85c78201a50.png,2
f86d1c404acb.png,0
f8d62557ad0c.png,2
f8fc411092c7.png,0
f90f8931a9bc.png,2
f91cfa82b9d4.png,2
f952ad2e4356.png,2
f999c6921e6d.png,0
f9d52509c571.png,0
f9e1c439d4c8.png,0
f9ecf1795804.png,2
fa3e544a7401.png,0
fa59221cf464.png,0
fa748b57262b.png,0
fa9bece586fc.png,0
fac399455195.png,0
fb61230b99dd.png,0
fb6b8200b7f8.png,2
fb88783de055.png,0
fba493e17448.png,0
fbdc796290d4.png,0
fc1b1841eadf.png,0
fc4d69128e7c.png,2
fc782722a50c.png,2
fc8fce67fbf8.png,0
fca931da5c5e.png,0
fcc32dffd24d.png,0
fcc6aa6755e6.png,2
fce93caa4758.png,2
fd0a70082e7c.png,0
fd4c946c52bf.png,0
fd87b6b2e664.png,0
fdbc252813b1.png,0
fdd18ccbbdc5.png,1
fe06dad6851c.png,0
fe0fc67c7980.png,2
fe37f4492920.png,2
fe3f62695b2d.png,0
fea14b3d44b0.png,1
fecf4c5ae84b.png,2
fefded6bf135.png,0
ff0740cb484a.png,2
ff344e5c9341.png,2
ff4955e76894.png,0
ff52392372d3.png,2
ff631653374e.png,0
ff8a0b45c789.png,2
ffc04fed30e6.png,0
ffd97f8cd5aa.png,0
fcc55ae641ae.png,0
fce73678f650.png,2
fd079d2e93a2.png,2
fd48cf452e9d.png,0
fd62bd0db4f1.png,0
fda39982a810.png,0
fdc685055659.png,0
fdd534271f3d.png,1
fe0e2dee1834.png,0
fe2df69676cf.png,2
fe3b0e50be78.png,2
fe674c2f73f5.png,0
febfb20dc311.png,1
fed5bb685832.png,2
ff03f74667df.png,0
ff1e940105f9.png,2
ff4832d55461.png,2
ff4cd992667b.png,0
ff59d44a70a7.png,2
ff77e8e5b5f3.png,0
ffa47f6a7bf4.png,2
ffcf7b45f213.png,0
ffec9a18a3ce.png,0
